Workbook

Sheet Defect_Log
A1: UAT Defect Log
A2: Track defects discovered during user acceptance testing. Complete blue cells, update workflow status through closure, and capture evidence or retest notes as needed.
A3: Defect ID | B3: Test Case ID | C3: Module / Feature | D3: Scenario | E3: Defect Summary | F3: Severity | G3: Priority | H3: Status | I3: Assigned To | J3: Reported By | K3: Date Found | L3: Expected Result | M3: Actual Result | N3: Reproducible (Y/N) | O3: Target Fix Date | P3: Retest Date | Q3: Notes
A4: DEF-001 | B4: TC-LOGIN-01 | C4: Authentication | D4: Valid login with active user | E4: Login button does not respond on first click | F4: High | G4: High | H4: Open | I4: Dev Team | J4: Jamie Christian | K4: 46091 | L4: User is logged in successfully | M4: No action occurs until second click | N4: Y | O4: 46093 | Q4: Affects first-time login
A5: DEF-002 | B5: TC-DASH-04 | C5: Dashboard Filters | D5: Filter by department | E5: Department filter excludes one valid department from results | F5: Medium | G5: Medium | H5: In Retest | I5: BI Team | J5: Jamie Christian | K5: 46091 | L5: All departments appear in filter | M5: One valid department is missing | N5: Y | O5: 46094 | Q5: Needs data model review
A6: DEF-003 | B6: TC-EXP-02 | C6: Export | D6: Export report to Excel | E6: Exported file drops conditional formatting on variance column | F6: Low | G6: Low | H6: Closed | I6: BI Team | J6: Jamie Christian | K6: 46091 | L6: Formatting is preserved in export | M6: Formatting removed in exported file | N6: Y | O6: 46092 | P6: 46093 | Q6: Closed after patch

Sheet UAT_Summary
A1: UAT Summary
A2: Project Name | B2: FP&A Executive Analytics Project | D2: Instructions
A3: System / Application | B3: Executive Dashboard | D3: 1. Update project details in blue cells.
A4: UAT Start Date | B4: 46091 | D4: 2. Log every UAT issue on the Defect_Log sheet.
A5: UAT End Date | D5: 3. Review severity and status counts daily.
A6: Prepared By | B6: Jamie Christian | D6: 4. Use the recommendation as an input to formal sign-off.
A7: Version | B7: 1.0
A9: Defect Status Summary | D9: Severity Exposure
A10: Total Defects Logged | B10: =COUNTA(Defect_Log!A4:A500) -> 3 | D10: Critical Open | E10: =COUNTIFS(Defect_Log!F4:F500,"Critical",Defect_Log!H4:H500,"<>Closed",Defect_Log!A4:A500,"<>") -> 0
A11: Open | B11: =COUNTIFS(Defect_Log!H4:H500,"Open",Defect_Log!A4:A500,"<>") -> 1 | D11: High Open | E11: =COUNTIFS(Defect_Log!F4:F500,"High",Defect_Log!H4:H500,"<>Closed",Defect_Log!A4:A500,"<>") -> 1
A12: In Progress | B12: =COUNTIFS(Defect_Log!H4:H500,"In Progress",Defect_Log!A4:A500,"<>") -> 0 | D12: Medium Open | E12: =COUNTIFS(Defect_Log!F4:F500,"Medium",Defect_Log!H4:H500,"<>Closed",Defect_Log!A4:A500,"<>") -> 1
A13: Ready for Retest | B13: =COUNTIFS(Defect_Log!H4:H500,"Ready for Retest",Defect_Log!A4:A500,"<>") -> 0 | D13: Low Open | E13: =COUNTIFS(Defect_Log!F4:F500,"Low",Defect_Log!H4:H500,"<>Closed",Defect_Log!A4:A500,"<>") -> 0
A14: In Retest | B14: =COUNTIFS(Defect_Log!H4:H500,"In Retest",Defect_Log!A4:A500,"<>") -> 1
A15: Closed | B15: =COUNTIFS(Defect_Log!H4:H500,"Closed",Defect_Log!A4:A500,"<>") -> 1
A16: Deferred | B16: =COUNTIFS(Defect_Log!H4:H500,"Deferred",Defect_Log!A4:A500,"<>") -> 0
A17: Blocked | B17: =COUNTIFS(Defect_Log!H4:H500,"Blocked",Defect_Log!A4:A500,"<>") -> 0
A20: Release Readiness | D20: Daily Status Notes
A21: Critical defects cleared? | B21: =IF(E10=0,"Yes","No") -> Yes | D21: Document daily status, sign-off conditions, workarounds, and final business decision notes here.
A22: High defects acceptable? | B22: =IF(E11<=1,"Yes","No") -> Yes
A23: All blocking defects resolved? | B23: =IF(B17=0,"Yes","No") -> Yes
A24: Overall recommendation | B24: =IF(AND(E10=0,E11<=1,B17=0),"Recommended for Sign-Off","Not Ready for Sign-Off") -> Recommended for Sign-Off

Sheet Sign_Off
A1: UAT Sign-Off
A2: Project Name | B2: =UAT_Summary!B2 -> FP&A Executive Analytics Project | D2: Current Recommendation
A3: Release / Version | B3: =UAT_Summary!B7 -> 1.0 | D3: =UAT_Summary!B24 -> Recommended for Sign-Off
A4: Business Owner | D4: Open Critical / High | E4: =UAT_Summary!E10&" / "&UAT_Summary!E11 -> 0 / 1
A5: UAT Lead | B5: =UAT_Summary!B6 -> Jamie Christian | D5: Sign-Off Date
A7: Sign-Off Decision Matrix
A8: Role | B8: Name | C8: Title | D8: Decision | E8: Date | F8: Comments
A9: Business Owner | D9: Pending
A10: UAT Lead | B10: Jamie Christian | D10: Pending
A11: Project Sponsor | D11: Pending
A12: Technology Owner | D12: Pending
A15: Final Approval Notes
A16: Summarize residual risk, production readiness, agreed workarounds, and any post-release actions.
