Workbook

Sheet Raw_Data
A1: Raw Data (from CSV)
A2: Month | B2: Region | C2: Rep | D2: Pipeline ($) | E2: Closed Won ($) | F2: Quota ($)
A3: 2025-07 | B3: Raleigh | C3: 89070.31 | D3: 267210.93 | E3: 89070.31 | F3: 91734.462
A4: 2025-08 | B4: Raleigh | C4: 70054.52 | D4: 210163.56 | E4: 70054.52 | F4: 91734.462
A5: 2025-09 | B5: Raleigh | C5: 79391.65 | D5: 238174.95 | E5: 79391.65 | F5: 91734.462
A6: 2025-10 | B6: Raleigh | C6: 71755.32 | D6: 215265.96 | E6: 71755.32 | F6: 91734.462
A7: 2025-11 | B7: Raleigh | C7: 87806.13 | D7: 263418.39 | E7: 87806.13 | F7: 91734.462
A8: 2025-12 | B8: Raleigh | C8: 101927.18 | D8: 305781.54 | E8: 101927.18 | F8: 91734.462
A9: 2025-07 | B9: Winston-Salem | C9: 79048.51 | D9: 237145.53 | E9: 79048.51 | F9: 92194.632
A10: 2025-08 | B10: Winston-Salem | C10: 59490.03 | D10: 178470.09 | E10: 59490.03 | F10: 92194.632
A11: 2025-09 | B11: Winston-Salem | C11: 77851.09 | D11: 233553.27 | E11: 77851.09 | F11: 92194.632
A12: 2025-10 | B12: Winston-Salem | C12: 90212.18 | D12: 270636.54 | E12: 90212.18 | F12: 92194.632
A13: 2025-11 | B13: Winston-Salem | C13: 102413.85 | D13: 307241.55 | E13: 102413.85 | F13: 92194.632
A14: 2025-12 | B14: Winston-Salem | C14: 102438.48 | D14: 307315.44 | E14: 102438.48 | F14: 92194.632
... A1322: 2025-12 | B1322: Raleigh | C1322: 56130.97 | D1322: 168392.91 | E1322: 56130.97 | F1322: 91734.462

Sheet Control_Panel
A1: Control Panel
A3: Region | B3: All
A4: Month | B4: All

Sheet KPI_Engine
A1: KPI Engine
A2: Region | B2: Closed Won ($) | C2: Quota ($) | D2: Attainment % | E2: Status
A3: Asheville | B3: =SUMIFS(Raw_Data!$E:$E,Raw_Data!$B:$B,"Asheville") -> 8945054 | C3: =SUMIFS(Raw_Data!$F:$F,Raw_Data!$B:$B,"Asheville") -> 14944284 | D3: =B3/C3 -> 0.59856022 | E3: =IF(D3>=1,"On Track",IF(D3>=0.9,"At Risk","Off Track")) -> Off Track
A4: Charlotte | B4: =SUMIFS(Raw_Data!$E:$E,Raw_Data!$B:$B,"Charlotte") -> 8810668 | C4: =SUMIFS(Raw_Data!$F:$F,Raw_Data!$B:$B,"Charlotte") -> 13566016 | D4: =B4/C4 -> 0.64946612 | E4: =IF(D4>=1,"On Track",IF(D4>=0.9,"At Risk","Off Track")) -> Off Track
A5: Durham | B5: =SUMIFS(Raw_Data!$E:$E,Raw_Data!$B:$B,"Durham") -> 9879982.9 | C5: =SUMIFS(Raw_Data!$F:$F,Raw_Data!$B:$B,"Durham") -> 15486578 | D5: =B5/C5 -> 0.63797068 | E5: =IF(D5>=1,"On Track",IF(D5>=0.9,"At Risk","Off Track")) -> Off Track
A6: Fayetteville | B6: =SUMIFS(Raw_Data!$E:$E,Raw_Data!$B:$B,"Fayetteville") -> 7435669.1 | C6: =SUMIFS(Raw_Data!$F:$F,Raw_Data!$B:$B,"Fayetteville") -> 12659835 | D6: =B6/C6 -> 0.58734327 | E6: =IF(D6>=1,"On Track",IF(D6>=0.9,"At Risk","Off Track")) -> Off Track
A7: Greensboro | B7: =SUMIFS(Raw_Data!$E:$E,Raw_Data!$B:$B,"Greensboro") -> 5810963.3 | C7: =SUMIFS(Raw_Data!$F:$F,Raw_Data!$B:$B,"Greensboro") -> 10988682 | D7: =B7/C7 -> 0.52881351 | E7: =IF(D7>=1,"On Track",IF(D7>=0.9,"At Risk","Off Track")) -> Off Track
A8: Greenville | B8: =SUMIFS(Raw_Data!$E:$E,Raw_Data!$B:$B,"Greenville") -> 9622929.5 | C8: =SUMIFS(Raw_Data!$F:$F,Raw_Data!$B:$B,"Greenville") -> 16738678 | D8: =B8/C8 -> 0.57489186 | E8: =IF(D8>=1,"On Track",IF(D8>=0.9,"At Risk","Off Track")) -> Off Track
A9: Raleigh | B9: =SUMIFS(Raw_Data!$E:$E,Raw_Data!$B:$B,"Raleigh") -> 8635125.6 | C9: =SUMIFS(Raw_Data!$F:$F,Raw_Data!$B:$B,"Raleigh") -> 15411390 | D9: =B9/C9 -> 0.56030804 | E9: =IF(D9>=1,"On Track",IF(D9>=0.9,"At Risk","Off Track")) -> Off Track
A10: Wilmington | B10: =SUMIFS(Raw_Data!$E:$E,Raw_Data!$B:$B,"Wilmington") -> 9844884.4 | C10: =SUMIFS(Raw_Data!$F:$F,Raw_Data!$B:$B,"Wilmington") -> 16408950 | D10: =B10/C10 -> 0.59997039 | E10: =IF(D10>=1,"On Track",IF(D10>=0.9,"At Risk","Off Track")) -> Off Track
A11: Winston-Salem | B11: =SUMIFS(Raw_Data!$E:$E,Raw_Data!$B:$B,"Winston-Salem") -> 5161494.7 | C11: =SUMIFS(Raw_Data!$F:$F,Raw_Data!$B:$B,"Winston-Salem") -> 8297516.9 | D11: =B11/C11 -> 0.62205293 | E11: =IF(D11>=1,"On Track",IF(D11>=0.9,"At Risk","Off Track")) -> Off Track

Sheet Executive_Dashboard
A1: Executive Dashboard
A3: Total Closed Won | B3: =SUM(KPI_Engine!B3:B100) -> 74146772
A4: Total Quota | B4: =SUM(KPI_Engine!C3:C100) -> 1.2450193e+08
A5: Attainment % | B5: =B3/B4 -> 0.59554716
